                  epoch,           train/box_om,           train/cls_om,           train/dfl_om,           train/box_oo,           train/cls_oo,           train/dfl_oo,   metrics/precision(B),      metrics/recall(B),       metrics/mAP50(B),    metrics/mAP50-95(B),             val/box_om,             val/cls_om,             val/dfl_om,             val/box_oo,             val/cls_oo,             val/dfl_oo,                 lr/pg0,                 lr/pg1,                 lr/pg2
                     80,                 1.0487,                0.86025,                 1.1502,                 1.1616,                  1.013,                 1.1681,                0.48935,                0.40992,                0.39078,                0.20702,                 1.5003,                 1.3148,                 1.5337,                 1.6182,                 1.7018,                 1.5454,             0.00013216,             0.00013216,             0.00013216
                     81,                 1.0486,                0.85384,                 1.1482,                 1.1575,                0.99905,                 1.1655,                0.37528,                0.41858,                 0.3702,                0.19537,                  1.513,                 1.3402,                 1.5439,                 1.6286,                 1.7248,                 1.5476,             0.00012115,             0.00012115,             0.00012115
                     82,                 1.0412,                0.85125,                 1.1438,                 1.1484,                0.99406,                 1.1584,                0.43838,                0.44867,                0.39508,                0.20677,                 1.5097,                 1.3473,                 1.5314,                 1.6346,                 1.7204,                 1.5483,             0.00011565,             0.00011565,             0.00011565
                     83,                 1.0258,                0.83228,                  1.136,                 1.1321,                0.96748,                 1.1507,                0.40984,                 0.4149,                 0.3813,                0.20377,                 1.5027,                 1.3532,                 1.5296,                 1.6298,                 1.7172,                  1.555,             0.00011014,             0.00011014,             0.00011014
                     84,                 1.0345,                0.83232,                 1.1412,                  1.142,                0.97527,                 1.1569,                0.42628,                0.40971,                0.37986,                0.20335,                 1.5012,                  1.333,                  1.531,                 1.6248,                 1.6928,                 1.5441,             0.00010464,             0.00010464,             0.00010464
                     85,                 1.0122,                0.82072,                 1.1311,                 1.1131,                0.97043,                 1.1469,                0.42608,                0.42923,                0.37948,                0.19796,                 1.5187,                 1.3693,                 1.5521,                 1.6406,                 1.7303,                 1.5579,             9.9135e-05,             9.9135e-05,             9.9135e-05
                     86,                0.94862,                0.68957,                 1.1494,                 1.0416,                0.74184,                 1.1714,                0.42057,                0.42461,                 0.3933,                0.21052,                 1.5108,                 1.3414,                 1.5462,                   1.62,                 1.7317,                 1.5453,              9.363e-05,              9.363e-05,              9.363e-05
                     87,                0.92643,                0.65946,                 1.1384,                 1.0089,                0.70197,                 1.1589,                0.44669,                0.41668,                0.39086,                0.20463,                 1.5112,                 1.3427,                 1.5513,                 1.6396,                 1.7105,                 1.5642,             8.8126e-05,             8.8126e-05,             8.8126e-05
                     88,                0.91135,                0.64157,                 1.1227,                0.99818,                 0.6969,                 1.1426,                0.41008,                0.44391,                0.38914,                 0.2026,                 1.5267,                 1.3512,                 1.5715,                 1.6477,                 1.7275,                 1.5727,             8.2622e-05,             8.2622e-05,             8.2622e-05
                     89,                0.89693,                0.63024,                 1.1205,                0.98129,                0.67427,                 1.1394,                0.44481,                 0.4314,                0.38364,                0.20309,                 1.5227,                 1.3586,                 1.5683,                 1.6445,                 1.7379,                 1.5681,             7.7117e-05,             7.7117e-05,             7.7117e-05
                     90,                0.89319,                 0.6298,                 1.1099,                0.97858,                0.68629,                 1.1278,                0.43107,                0.42597,                0.38249,                0.20225,                  1.529,                 1.3887,                 1.5773,                 1.6488,                 1.7871,                 1.5777,             7.1613e-05,             7.1613e-05,             7.1613e-05
                     91,                 0.8807,                0.61512,                 1.1072,                 0.9619,                0.66411,                 1.1265,                0.42306,                  0.426,                0.37589,                0.20154,                 1.5343,                 1.4206,                 1.5853,                 1.6513,                 1.8091,                 1.5844,             6.6108e-05,             6.6108e-05,             6.6108e-05
                     92,                0.86217,                0.59287,                 1.0859,                0.94373,                0.62392,                 1.1013,                 0.4641,                0.39951,                0.38031,                0.20075,                 1.5267,                 1.3944,                 1.5817,                 1.6483,                 1.7764,                 1.5894,             6.0604e-05,             6.0604e-05,             6.0604e-05
                     93,                0.85813,                0.58949,                 1.0927,                0.93677,                0.62758,                 1.1104,                0.42705,                 0.4151,                0.38077,                0.20029,                 1.5314,                 1.4099,                 1.5899,                 1.6512,                 1.8179,                 1.5916,               5.51e-05,               5.51e-05,               5.51e-05
                     94,                0.85772,                0.59521,                 1.0884,                0.94004,                 0.6303,                 1.1075,                 0.4354,                0.42031,                0.38017,                0.20135,                 1.5347,                 1.4265,                 1.5956,                 1.6577,                 1.8472,                 1.5924,             4.9595e-05,             4.9595e-05,             4.9595e-05
                     95,                0.84437,                0.58168,                  1.082,                0.92499,                0.62104,                 1.0987,                0.43817,                0.42848,                0.36974,                0.19703,                 1.5351,                 1.4261,                 1.5954,                 1.6577,                 1.8361,                  1.598,             4.4091e-05,             4.4091e-05,             4.4091e-05
                     96,                 0.8358,                 0.5803,                 1.0832,                0.91841,                0.62783,                 1.0991,                0.42128,                0.43065,                0.37217,                 0.1969,                 1.5359,                 1.4154,                 1.5976,                 1.6562,                 1.8317,                 1.5982,             3.8586e-05,             3.8586e-05,             3.8586e-05
                     97,                0.83886,                 0.5727,                 1.0839,                0.91591,                0.61029,                 1.0974,                0.46442,                0.40633,                 0.3718,                 0.1978,                 1.5373,                 1.4251,                 1.6006,                 1.6589,                 1.8429,                 1.5953,             3.3082e-05,             3.3082e-05,             3.3082e-05
                     98,                0.83096,                0.57312,                 1.0793,                0.91273,                0.60416,                 1.0976,                0.44068,                0.40779,                0.37304,                0.19897,                 1.5397,                 1.4316,                 1.6091,                 1.6561,                 1.8647,                 1.5907,             2.7578e-05,             2.7578e-05,             2.7578e-05
                     99,                  0.826,                0.56657,                 1.0717,                0.90641,                0.60401,                 1.0899,                0.43385,                0.42115,                0.37463,                0.19957,                 1.5363,                 1.4262,                 1.6049,                 1.6607,                 1.8577,                 1.5998,             2.2073e-05,             2.2073e-05,             2.2073e-05
                    100,                0.82079,                 0.5637,                 1.0714,                0.90127,                0.58627,                 1.0888,                0.42899,                0.42205,                0.37476,                0.19912,                 1.5364,                 1.4221,                 1.6062,                 1.6565,                 1.8611,                 1.5994,             1.6569e-05,             1.6569e-05,             1.6569e-05
